id,anomaly,kind,T_C,P_MPa,quality_x,value,units,method,notes
A01,Density maximum near 4°C,density,3.98,0.101325,,999.9754158929939,kg/m^3,IAPWS97,
A03,Heat capacity near 25°C,cp,25.0,0.101325,,4181.896233521974,J/(kg·K),IAPWS97,
A04,Enthalpy of vaporization at 100°C (sat),hvap,100.0,,,2256472.8742231303,J/kg,IAPWS97,Computed as (h_g - h_f) at saturation.
A06,Surface tension at 20°C,surface_tension,20.0,0.101325,,0.07273614042160757,N/m,IAPWS97,
A10,Static dielectric constant near 25°C,dielectric,25.0,0.101325,,78.40851511706173,1,IAPWS97,
A20,Viscosity at 20°C,viscosity,20.0,0.101325,,0.00100159685462303,Pa·s,IAPWS97,
A19,Thermal conductivity at 25°C,thermal_conductivity,25.0,0.101325,,0.6065165774657686,W/(m·K),IAPWS97,
A13,Sound speed at 20°C,sound_speed,20.0,0.101325,,1483.4188607696137,m/s,IAPWS97,
A11a,Thermal expansion at 0°C (α<0),thermal_expansion,0.0,0.101325,,-6.768872173437354e-05,1/K,IAPWS97,
A11b,Thermal expansion at 2°C (α<0),thermal_expansion,2.0,0.101325,,-3.239249206846575e-05,1/K,IAPWS97,
A11c,Thermal expansion at 6°C (α>0),thermal_expansion,6.0,0.101325,,3.152347399042322e-05,1/K,IAPWS97,
A31,Saturation vapor pressure at 20°C,sat_pressure,20.0,,,2339.214766776897,Pa,IAPWS97,Saturation pressure from IF97.
